﻿<?xml version="1.0" encoding="utf-8"?>
<Package 
	xmlns="http://schemas.microsoft.com/appx/manifest/foundation/windows10"
	xmlns:uap="http://schemas.microsoft.com/appx/manifest/uap/windows10"
	xmlns:uap3="http://schemas.microsoft.com/appx/manifest/uap/windows10/3"
	IgnorableNamespaces="uap3">
	<Identity 
		Name="Waves Keeper" 
		Publisher="CN=Waves Platform" 
		Version="0.1.0.3" />

	<Properties> 
		<DisplayName>ms-resource:DisplayName</DisplayName> 
		<PublisherDisplayName>Waves Platform</PublisherDisplayName> 
		<Logo>Assets\StoreLogo.png</Logo> 
	</Properties> 

	<Dependencies> 
		<TargetDeviceFamily Name="Windows.Desktop" MinVersion="10.0.15063.0" MaxVersionTested="10.0.15063.0" />
	</Dependencies> 

	<Resources>
		<Resource Language="en" />
		<Resource uap:Scale="200"/>
	</Resources> 

	<Applications> 
		<Application Id="App">
			<uap:VisualElements
				AppListEntry="none"
				DisplayName="ms-resource:DisplayName"
				Square150x150Logo="Assets\Square150x150Logo.png"
        		Square44x44Logo="Assets\Square44x44Logo.png"
				Description="ms-resource:Description"
				BackgroundColor="transparent">
			</uap:VisualElements>
			<Extensions>
				<uap3:Extension Category="windows.appExtension">
					<uap3:AppExtension
						Name="com.microsoft.edge.extension"
						Id="EdgeExtension"
						PublicFolder="Extension"
						DisplayName="ms-resource:DisplayName">
						<uap3:Properties>
							<Capabilities>
								<Capability Name="browserStorage"/>
								<Capability Name="browserWebRequest"/>
							</Capabilities>
						</uap3:Properties>
					</uap3:AppExtension>
				</uap3:Extension>
			</Extensions>
		</Application> 
	</Applications>
</Package>
